<?xml version="1.0" encoding="UTF-8"?>
<algo>
    <node isRoot="true">
        <node name="ACURA" cascade="cascades/acura.xml"></node>
        <node name="BMW" cascade="cascades/bmw2.xml"></node>
        <node name="HONDA1" cascade="cascades/honda1.xml"></node>
        <node name="HONDA2" cascade="cascades/honda2.xml"></node>
        <node name="HONDA" cascade="cascades/honda5.xml"></node>
        <node name="CHEVROLET" cascade="cascades/chevrolet.xml"></node>
    </node>
    <stabilization neededFrames="6" processedFrames="10"></stabilization>
</algo>