<?xml version="1.0"?>
<opencv_storage>
<cascade>
  <stageType>BOOST</stageType>
  <featureType>HAAR</featureType>
  <height>24</height>
  <width>24</width>
  <stageParams>
    <boostType>GAB</boostType>
    <minHitRate>9.9500000476837158e-01</minHitRate>
    <maxFalseAlarm>1.0000000149011612e-01</maxFalseAlarm>
    <weightTrimRate>9.4999999999999996e-01</weightTrimRate>
    <maxDepth>1</maxDepth>
    <maxWeakCount>100</maxWeakCount></stageParams>
  <featureParams>
    <maxCatCount>0</maxCatCount>
    <featSize>1</featSize>
    <mode>ALL</mode></featureParams>
  <stageNum>5</stageNum>
  <stages>
    <!-- stage 0 -->
    <_>
      <maxWeakCount>2</maxWeakCount>
      <stageThreshold>-1.2488707900047302e-01</stageThreshold>
      <weakClassifiers>
        <_>
          <internalNodes>
            0 -1 13 1.3511580228805542e-01</internalNodes>
          <leafValues>
            -9.6065574884414673e-01 9.5348834991455078e-01</leafValues></_>
        <_>
          <internalNodes>
            0 -1 0 4.7553008794784546e-01</internalNodes>
          <leafValues>
            -9.6684873104095459e-01 8.3576864004135132e-01</leafValues></_></weakClassifiers></_>
    <!-- stage 1 -->
    <_>
      <maxWeakCount>4</maxWeakCount>
      <stageThreshold>-3.7690705060958862e-01</stageThreshold>
      <weakClassifiers>
        <_>
          <internalNodes>
            0 -1 6 -5.3698170930147171e-02</internalNodes>
          <leafValues>
            9.3939393758773804e-01 -8.9841270446777344e-01</leafValues></_>
        <_>
          <internalNodes>
            0 -1 12 2.1580267697572708e-02</internalNodes>
          <leafValues>
            -8.7265616655349731e-01 7.5502794981002808e-01</leafValues></_>
        <_>
          <internalNodes>
            0 -1 5 -1.0549341142177582e-01</internalNodes>
          <leafValues>
            6.7475378513336182e-01 -7.6723641157150269e-01</leafValues></_>
        <_>
          <internalNodes>
            0 -1 17 -5.8334119617938995e-02</internalNodes>
          <leafValues>
            7.1940809488296509e-01 -7.9800647497177124e-01</leafValues></_></weakClassifiers></_>
    <!-- stage 2 -->
    <_>
      <maxWeakCount>4</maxWeakCount>
      <stageThreshold>-3.2391017675399780e-01</stageThreshold>
      <weakClassifiers>
        <_>
          <internalNodes>
            0 -1 4 7.3099642992019653e-02</internalNodes>
          <leafValues>
            -9.1419142484664917e-01 5.5555558204650879e-01</leafValues></_>
        <_>
          <internalNodes>
            0 -1 8 6.0331476852297783e-03</internalNodes>
          <leafValues>
            -7.3422849178314209e-01 8.0062198638916016e-01</leafValues></_>
        <_>
          <internalNodes>
            0 -1 7 7.5119465589523315e-02</internalNodes>
          <leafValues>
            -7.9603677988052368e-01 6.6457676887512207e-01</leafValues></_>
        <_>
          <internalNodes>
            0 -1 3 -2.1370276808738708e-02</internalNodes>
          <leafValues>
            6.6839236021041870e-01 -8.0981397628784180e-01</leafValues></_></weakClassifiers></_>
    <!-- stage 3 -->
    <_>
      <maxWeakCount>4</maxWeakCount>
      <stageThreshold>-5.4899686574935913e-01</stageThreshold>
      <weakClassifiers>
        <_>
          <internalNodes>
            0 -1 18 -2.9157346114516258e-02</internalNodes>
          <leafValues>
            9.3750000000000000e-01 -8.9240509271621704e-01</leafValues></_>
        <_>
          <internalNodes>
            0 -1 11 -7.9203359782695770e-03</internalNodes>
          <leafValues>
            6.8047189712524414e-01 -7.7581906318664551e-01</leafValues></_>
        <_>
          <internalNodes>
            0 -1 16 1.0746877640485764e-02</internalNodes>
          <leafValues>
            -7.2614431381225586e-01 6.3518935441970825e-01</leafValues></_>
        <_>
          <internalNodes>
            0 -1 2 8.6966574192047119e-02</internalNodes>
          <leafValues>
            -1. 4.8403784632682800e-01</leafValues></_></weakClassifiers></_>
    <!-- stage 4 -->
    <_>
      <maxWeakCount>5</maxWeakCount>
      <stageThreshold>-9.0066814422607422e-01</stageThreshold>
      <weakClassifiers>
        <_>
          <internalNodes>
            0 -1 1 -7.1084070950746536e-03</internalNodes>
          <leafValues>
            7.2222220897674561e-01 -8.9102566242218018e-01</leafValues></_>
        <_>
          <internalNodes>
            0 -1 15 2.4571612477302551e-01</internalNodes>
          <leafValues>
            -7.9097884893417358e-01 7.4382632970809937e-01</leafValues></_>
        <_>
          <internalNodes>
            0 -1 14 1.9160904921591282e-03</internalNodes>
          <leafValues>
            -5.9909337759017944e-01 8.0241906642913818e-01</leafValues></_>
        <_>
          <internalNodes>
            0 -1 9 5.3375832736492157e-02</internalNodes>
          <leafValues>
            -5.6246292591094971e-01 8.3454716205596924e-01</leafValues></_>
        <_>
          <internalNodes>
            0 -1 10 -1.4236304559744895e-04</internalNodes>
          <leafValues>
            -9.8234331607818604e-01 5.4138022661209106e-01</leafValues></_></weakClassifiers></_></stages>
  <features>
    <_>
      <rects>
        <_>
          0 2 24 22 -1.</_>
        <_>
          8 2 8 22 3.</_></rects>
      <tilted>0</tilted></_>
    <_>
      <rects>
        <_>
          0 9 2 7 -1.</_>
        <_>
          1 9 1 7 2.</_></rects>
      <tilted>0</tilted></_>
    <_>
      <rects>
        <_>
          1 0 10 24 -1.</_>
        <_>
          6 0 5 24 2.</_></rects>
      <tilted>0</tilted></_>
    <_>
      <rects>
        <_>
          4 2 10 12 -1.</_>
        <_>
          4 2 5 6 2.</_>
        <_>
          9 8 5 6 2.</_></rects>
      <tilted>0</tilted></_>
    <_>
      <rects>
        <_>
          5 11 7 4 -1.</_>
        <_>
          5 11 7 2 2.</_></rects>
      <tilted>1</tilted></_>
    <_>
      <rects>
        <_>
          6 14 18 10 -1.</_>
        <_>
          6 19 18 5 2.</_></rects>
      <tilted>0</tilted></_>
    <_>
      <rects>
        <_>
          6 18 10 6 -1.</_>
        <_>
          6 20 10 2 3.</_></rects>
      <tilted>0</tilted></_>
    <_>
      <rects>
        <_>
          8 0 16 2 -1.</_>
        <_>
          12 4 8 2 2.</_></rects>
      <tilted>1</tilted></_>
    <_>
      <rects>
        <_>
          9 0 3 4 -1.</_>
        <_>
          10 0 1 4 3.</_></rects>
      <tilted>0</tilted></_>
    <_>
      <rects>
        <_>
          9 3 10 8 -1.</_>
        <_>
          9 7 10 4 2.</_></rects>
      <tilted>0</tilted></_>
    <_>
      <rects>
        <_>
          9 8 2 4 -1.</_>
        <_>
          9 8 1 2 2.</_>
        <_>
          10 10 1 2 2.</_></rects>
      <tilted>0</tilted></_>
    <_>
      <rects>
        <_>
          10 0 3 10 -1.</_>
        <_>
          11 0 1 10 3.</_></rects>
      <tilted>0</tilted></_>
    <_>
      <rects>
        <_>
          10 4 4 9 -1.</_>
        <_>
          12 4 2 9 2.</_></rects>
      <tilted>0</tilted></_>
    <_>
      <rects>
        <_>
          11 0 9 20 -1.</_>
        <_>
          11 5 9 10 2.</_></rects>
      <tilted>0</tilted></_>
    <_>
      <rects>
        <_>
          11 4 2 1 -1.</_>
        <_>
          12 4 1 1 2.</_></rects>
      <tilted>0</tilted></_>
    <_>
      <rects>
        <_>
          12 0 8 21 -1.</_>
        <_>
          12 7 8 7 3.</_></rects>
      <tilted>0</tilted></_>
    <_>
      <rects>
        <_>
          12 18 4 2 -1.</_>
        <_>
          12 18 2 2 2.</_></rects>
      <tilted>1</tilted></_>
    <_>
      <rects>
        <_>
          17 5 6 18 -1.</_>
        <_>
          20 5 3 18 2.</_></rects>
      <tilted>0</tilted></_>
    <_>
      <rects>
        <_>
          20 13 4 7 -1.</_>
        <_>
          21 14 2 7 2.</_></rects>
      <tilted>1</tilted></_></features></cascade>
</opencv_storage>
